{
  "id": "cf65fdca-4c21-4dd1-8f90-884bced6acbb",
  "generation": 5,
  "iteration": 36,
  "current_iteration": 90,
  "metrics": {
    "point_count": 1384.0,
    "overall_score": -1000.0,
    "runtime": 0.2672841548919678,
    "valid_solution": 0.0
  },
  "language": "python",
  "timestamp": 1748145539.4269555,
  "saved_at": 1748146262.7379756
}