{
  "id": "07d4e28e-a81a-4a95-bd67-5726bb88953e",
  "generation": 1,
  "iteration": 2,
  "current_iteration": 20,
  "metrics": {
    "point_count": 72.0,
    "overall_score": 72.0,
    "runtime": 0.17266321182250977,
    "valid_solution": 1.0
  },
  "language": "python",
  "timestamp": 1748143547.388388,
  "saved_at": 1748144661.2636602
}